{
  "accuracy": 0.925,
  "precision": 0.9452054794520548,
  "recall": 0.971830985915493,
  "f1": 0.9583333333333334,
  "roc_auc": 0.9827856025039123,
  "confusion_matrix": [
    [
      5,
      4
    ],
    [
      2,
      69
    ]
  ],
  "classification_report": "              precision    recall  f1-score   support\n\n           0       0.71      0.56      0.62         9\n           1       0.95      0.97      0.96        71\n\n    accuracy                           0.93        80\n   macro avg       0.83      0.76      0.79        80\nweighted avg       0.92      0.93      0.92        80\n"
}