{
  "cv": {
    "roc_auc_mean": 0.9622258771929826,
    "roc_auc_std": 0.013372674328757429,
    "folds": [
      0.9486215538847117,
      0.9674185463659148,
      0.96875,
      0.9453125,
      0.9810267857142857
    ]
  },
  "test_default": {
    "accuracy": 0.9,
    "precision": 0.8987341772151899,
    "recall": 1.0,
    "f1": 0.9466666666666667,
    "roc_auc": 0.9796557120500783,
    "confusion_matrix": [
      [
        1,
        8
      ],
      [
        0,
        71
      ]
    ],
    "classification_report": "              precision    recall  f1-score   support\n\n           0       1.00      0.11      0.20         9\n           1       0.90      1.00      0.95        71\n\n    accuracy                           0.90        80\n   macro avg       0.95      0.56      0.57        80\nweighted avg       0.91      0.90      0.86        80\n"
  },
  "test_tuned": {
    "threshold": 0.2599999999999999,
    "accuracy": 0.8875,
    "precision": 0.8875,
    "recall": 1.0,
    "f1": 0.9403973509933775,
    "roc_auc": 0.9796557120500783,
    "confusion_matrix": [
      [
        0,
        9
      ],
      [
        0,
        71
      ]
    ],
    "classification_report": "              precision    recall  f1-score   support\n\n           0       0.00      0.00      0.00         9\n           1       0.89      1.00      0.94        71\n\n    accuracy                           0.89        80\n   macro avg       0.44      0.50      0.47        80\nweighted avg       0.79      0.89      0.83        80\n"
  }
}