{
  "cv": {
    "roc_auc_mean": 0.972172619047619,
    "roc_auc_std": 0.01701486932283063,
    "folds": [
      0.9649122807017544,
      0.987468671679198,
      0.984375,
      0.9419642857142857,
      0.9821428571428572
    ]
  },
  "test_default": {
    "accuracy": 0.9125,
    "precision": 0.9324324324324325,
    "recall": 0.971830985915493,
    "f1": 0.9517241379310345,
    "roc_auc": 0.9765258215962441,
    "confusion_matrix": [
      [
        4,
        5
      ],
      [
        2,
        69
      ]
    ],
    "classification_report": "              precision    recall  f1-score   support\n\n           0       0.67      0.44      0.53         9\n           1       0.93      0.97      0.95        71\n\n    accuracy                           0.91        80\n   macro avg       0.80      0.71      0.74        80\nweighted avg       0.90      0.91      0.90        80\n"
  },
  "test_tuned": {
    "threshold": 0.2599999999999999,
    "accuracy": 0.9125,
    "precision": 0.9210526315789473,
    "recall": 0.9859154929577465,
    "f1": 0.9523809523809523,
    "roc_auc": 0.9765258215962441,
    "confusion_matrix": [
      [
        3,
        6
      ],
      [
        1,
        70
      ]
    ],
    "classification_report": "              precision    recall  f1-score   support\n\n           0       0.75      0.33      0.46         9\n           1       0.92      0.99      0.95        71\n\n    accuracy                           0.91        80\n   macro avg       0.84      0.66      0.71        80\nweighted avg       0.90      0.91      0.90        80\n"
  }
}